INSERT INTO `company`
VALUES ('COMPANY_ID_01', 'COMPANY_NAME_01', 'd92bf311652a77227d2725c204a5396b', '2022-08-14 09:51:20', 'NULL',
        '2022-08-14 09:51:20', 'NULL', _binary '\0'),
       ('COMPANY_ID_02', 'COMPANY_NAME_02', 'd92bf311652a77227d2725c204a5396b', '2022-08-03 13:18:13', 'NULL',
        '2022-08-03 13:18:13', 'NULL', _binary '\0');



INSERT INTO `user`
VALUES ('USER_ID_01', 'LOGIN_ID_01', 'USER_NAME_01', 'M', 'ja', 'Asia/Tokyo', 'sheen_sartorrb1b@balanced.zz',
        '$2a$10$IfIpdWUeKUBFd0pN6dRV/.4IT3Lsln5zuw8bZgiV.nTH/RbVRlxP2', _binary '\0',  _binary '\0', null,
        'COMPANY_ID_01', '2022-08-03 13:18:12', 'NULL', '2022-08-14 14:56:00', 'NULL', _binary '\0'),
       ('USER_ID_02', 'LOGIN_ID_02', 'USER_NAME_02', 'M', 'ja', 'Asia/Tokyo', 'algie_dolanqyj@prize.gtt',
        '$2a$10$IfIpdWUeKUBFd0pN6dRV/.4IT3Lsln5zuw8bZgiV.nTH/RbVRlxP2', _binary '\0',  _binary '\0', null,
        'COMPANY_ID_01', '2022-08-03 13:18:12', 'NULL', '2022-08-14 14:46:59', 'NULL', _binary '\0'),
       ('USER_ID_03', 'LOGIN_ID_03', 'USER_NAME_03', 'M', 'ja', 'Asia/Tokyo', 'antuan_harbaughlj@loss.ir',
        '$2a$10$IfIpdWUeKUBFd0pN6dRV/.4IT3Lsln5zuw8bZgiV.nTH/RbVRlxP2', _binary '\0',  _binary '\0', null,
        'COMPANY_ID_01', '2022-08-03 13:18:12', 'NULL', '2022-08-14 15:03:57', 'NULL', _binary '\0'),
       ('USER_ID_04', 'LOGIN_ID_04', 'USER_NAME_04', 'M', 'ja', 'Asia/Tokyo', 'johney_magnusj@underground.gqd',
        '$2a$10$IfIpdWUeKUBFd0pN6dRV/.4IT3Lsln5zuw8bZgiV.nTH/RbVRlxP2', _binary '\0',  _binary '\0', null,
        'COMPANY_ID_01', '2022-08-03 13:18:12', 'NULL', '2022-08-14 15:04:09', 'NULL', _binary '\0'),
       ('USER_ID_05', 'LOGIN_ID_05', 'USER_NAME_05', 'M', 'ja', 'Asia/Tokyo', 'hermes_geiserou@reload.fg',
        '$2a$10$IfIpdWUeKUBFd0pN6dRV/.4IT3Lsln5zuw8bZgiV.nTH/RbVRlxP2', _binary '\0',  _binary '\0', null,
        'COMPANY_ID_01', '2022-08-03 13:18:12', 'NULL', '2022-08-14 15:04:33', 'NULL', _binary '\0'),
       ('USER_ID_06', 'LOGIN_ID_06', 'USER_NAME_06', 'M', 'ja', 'Asia/Tokyo', 'eve_burkescgm2@canada.gx',
        '$2a$10$IfIpdWUeKUBFd0pN6dRV/.4IT3Lsln5zuw8bZgiV.nTH/RbVRlxP2', _binary '\0',  _binary '\0', null,
        'COMPANY_ID_01', '2022-08-03 13:18:12', 'NULL', '2022-08-14 15:04:56', 'NULL', _binary '\0'),
       ('USER_ID_07', 'LOGIN_ID_07', 'USER_NAME_07', 'M', 'ja', 'Asia/Tokyo', 'jason_korandoj@suggestion.aht',
        '$2a$10$IfIpdWUeKUBFd0pN6dRV/.4IT3Lsln5zuw8bZgiV.nTH/RbVRlxP2', _binary '\0',  _binary '\0', null,
        'COMPANY_ID_01', '2022-08-03 13:18:12', 'NULL', '2022-08-14 15:06:12', 'NULL', _binary '\0'),
       ('USER_ID_08', 'LOGIN_ID_08', 'USER_NAME_08', 'M', 'ja', 'Asia/Tokyo', 'cavin_priscoz4go@mount.tcz',
        '$2a$10$IfIpdWUeKUBFd0pN6dRV/.4IT3Lsln5zuw8bZgiV.nTH/RbVRlxP2', _binary '\0',  _binary '\0', null,
        '6fcc6579e42b58845ea7cbdd0752d861', '2022-08-03 13:18:12', 'NULL', '2022-08-03 13:18:13', 'NULL', _binary '\0'),
       ('USER_ID_09', 'LOGIN_ID_09', 'USER_NAME_09', 'M', 'ja', 'Asia/Tokyo', 'homer_parkmanwla@most.qt',
        '$2a$10$IfIpdWUeKUBFd0pN6dRV/.4IT3Lsln5zuw8bZgiV.nTH/RbVRlxP2', _binary '\0',  _binary '\0', null,
        'COMPANY_ID_01', '2022-08-03 13:18:12', 'NULL', '2022-08-14 15:06:27', 'NULL', _binary '\0'),
       ('USER_ID_10', 'LOGIN_ID_10', 'USER_NAME_10', 'F', 'ja', 'Asia/Tokyo', 'erienne_ybanezk@controversy.qdu',
        '$2a$10$IfIpdWUeKUBFd0pN6dRV/.4IT3Lsln5zuw8bZgiV.nTH/RbVRlxP2', _binary '\0',  _binary '\0', null,
        'COMPANY_ID_02', '2022-08-03 13:18:12', 'NULL', '2022-08-14 14:52:22', 'NULL', _binary '\0'),
       ('USER_ID_11', 'LOGIN_ID_11', 'USER_NAME_11', 'M', 'ja', 'Asia/Tokyo', 'deonte_carvajal1@killer.uw',
        '$2a$10$IfIpdWUeKUBFd0pN6dRV/.4IT3Lsln5zuw8bZgiV.nTH/RbVRlxP2', _binary '\0',  _binary '\0', null,
        'COMPANY_ID_01', '2022-08-03 13:18:12', 'NULL', '2022-08-14 15:06:45', 'NULL', _binary '\0'),
       ('USER_ID_12', 'LOGIN_ID_12', 'USER_NAME_12', 'M', 'ja', 'Asia/Tokyo', 'lex_garfieldpcx@exercise.dis',
        '$2a$10$IfIpdWUeKUBFd0pN6dRV/.4IT3Lsln5zuw8bZgiV.nTH/RbVRlxP2', _binary '\0',  _binary '\0', null,
        'COMPANY_ID_01', '2022-08-03 13:18:12', 'NULL', '2022-08-14 15:07:05', 'NULL', _binary '\0'),
       ('USER_ID_13', 'LOGIN_ID_13', 'USER_NAME_13', 'M', 'ja', 'Asia/Tokyo', 'carlyn_rosenowpsn@next.ykf',
        '$2a$10$IfIpdWUeKUBFd0pN6dRV/.4IT3Lsln5zuw8bZgiV.nTH/RbVRlxP2', _binary '\0',  _binary '\0', null,
        'COMPANY_ID_01', '2022-08-03 13:18:12', 'NULL', '2022-08-14 15:00:03', 'NULL', _binary '\0'),
       ('USER_ID_14', 'LOGIN_ID_14', 'USER_NAME_14', '-', 'ja', 'Asia/Tokyo', 'hollyanne_valdiviau3z@earlier.uop',
        '$2a$10$IfIpdWUeKUBFd0pN6dRV/.4IT3Lsln5zuw8bZgiV.nTH/RbVRlxP2', _binary '\0',  _binary '\0', null,
        'COMPANY_ID_02', '2022-08-03 13:18:12', 'NULL', '2022-08-14 14:53:28', 'NULL', _binary '\0'),
       ('USER_ID_15', 'LOGIN_ID_15', 'USER_NAME_15', '-', 'ja', 'Asia/Tokyo', 'hollyanne_valdiviau3z@earlier.uop',
        '$2a$10$IfIpdWUeKUBFd0pN6dRV/.4IT3Lsln5zuw8bZgiV.nTH/RbVRlxP2', _binary '\0',  _binary '\0', null,
        'NOT_FOUND_COMPANY_ID', '2022-08-03 13:18:12', 'NULL', '2022-08-14 14:53:28', 'NULL', _binary '\0');

insert into role (id, name, created_at, created_by, updated_at, updated_by, is_deleted)
values ('ROLE_ID_01', 'ROLE_NAME_01', '1979-06-02 05:20:27', 'NULL', '1982-12-06 22:26:39', 'NULL', 0),
       ('ROLE_ID_02', 'ROLE_NAME_02', '1979-06-02 05:20:27', 'NULL', '1982-12-06 22:26:39', 'NULL', 0);

insert into user_role (id, user_id, role_id, created_at, created_by)
values ('0a86e5adef54404f8c007e3781b4e718', 'USER_ID_01', 'ROLE_ID_01', '1979-06-22 13:27:36', 'NULL'),
       ('30222d4aa0df4685aba7f879ec338669', 'USER_ID_02', 'ROLE_ID_01', '1979-06-22 13:27:36', 'NULL'),
       ('4766f66cbb59420c8505e5e8304ec4d5', 'USER_ID_02', 'ROLE_ID_02', '1979-06-22 13:27:36', 'NULL');